00005231-3500-2800-0000-00000bf032a6|ROSNEFT
00005231-3500-2800-0000-00000bf032a6|ROSNEFT
00005231-3500-2800-0000-00000bf032a6|РОСНЕФТЬ
00005231-3100-2800-0000-00000c208b6d|СБЕРБАНК РОССИИ
00005231-3100-2800-0000-00000c208cf1|СБЕРБАНК РОССИИ
00005231-3100-2800-0000-00000c20a4b1|Россельхозбанк
00005231-3100-2800-0000-00000c20a5dd|Россельхозбанк
00005231-3100-2800-0000-00000c20ae96|СБЕРБАНК РОССИИ
00005231-3100-2800-0000-00000c20b0d6|СБЕРБАНК РОССИИ
00005231-3100-2800-0000-00000c20b6ab|Россельхозбанк
00005231-3100-2800-0000-00000c20bcda|Россельхозбанк
00005231-3100-2800-0000-00000c211e35|СБЕРБАНК РОССИИ
00005231-3100-2800-0000-00000c2121f4|СБЕРБАНК РОССИИ
00005231-3100-2800-0000-00000c21240a|СБЕРБАНК РОССИИ
00005231-3400-2800-0000-00000bf98e20|ТНК
00005231-3400-2800-0000-00000bf98f9c|Россельхозбанк
00005231-3400-2800-0000-00000bf98fcf|РОСНЕФТЬ
00005231-3400-2800-0000-00000bf9e2f9|Россельхозбанк
00005231-3400-2800-0000-00000bf9ec28|РОСНЕФТЬ
00005231-3400-2800-0000-00000bf9ef78|Россельхозбанк
00005231-3400-2800-0000-00000bf9fbbb|Альфа-Банк
00005231-3400-2800-0000-00000bfa59ad|ВТБ24
00005231-3400-2800-0000-00000bfa6c7b|СБЕРБАНК РОССИИ
00005231-3400-2800-0000-00000bfb772f|СБЕРБАНК РОССИИ
00005231-3500-2800-0000-00000bf0327f|РОСНЕФТЬ
00005231-3500-2800-0000-00000bf033df|РОСНЕФТЬ
00005231-3500-2800-0000-00000bf035df|ROSNEFT
00005231-3500-2800-0000-00000bf035df|РОСНЕФТЬ
00005231-3500-2800-0000-00000bf035df|РОСНЕФТЬ
00005231-3500-2800-0000-00000bf03aed|ROSNEFT
00005231-3500-2800-0000-00000bf03aed|ROSNEFT
00005231-3500-2800-0000-00000bf03aed|РОСНЕФТЬ
00005231-3500-2800-0000-00000bf03aed|РОСНЕФТЬ
00005231-3500-2800-0000-00000bf03bb4|Россельхозбанк
00005231-3500-2800-0000-00000bf03bc2|РОСНЕФТЬ
00005231-3500-2800-0000-00000bf03be9|ROSNEFT
00005231-3500-2800-0000-00000bf03be9|ROSNEFT
00005231-3500-2800-0000-00000bf03be9|РОСНЕФТЬ
00005231-3500-2800-0000-00000bf03be9|РОСНЕФТЬ
00005231-3500-2800-0000-00000bf04645|РОСНЕФТЬ
00005231-3500-2800-0000-00000bf04e41|РОСНЕФТЬ
00005231-3500-2800-0000-00000bf2e122|СБЕРБАНК РОССИИ
00005231-3500-2800-0000-00000bf2e1f0|Россельхозбанк
00005231-3500-2800-0000-00000bf34720|СБЕРБАНК РОССИИ
00005231-3500-2800-0000-00000bf396b1|ЛУКОЙЛ
00005231-3500-2800-0000-00000bf39f4c|Россельхозбанк
00005231-3500-2800-0000-00000bf3ab4a|Газпромбанк
00005231-3600-2800-0000-00000bf43504|SBERBANK ROSSII
00005231-3600-2800-0000-00000bf43504|СБЕРБАНК РОССИИ
00005231-3600-2800-0000-00000bf43504|СБЕРБАНК РОССИИ
00005231-3600-2800-0000-00000bf43504|СБЕРБАНК РОССИИ
00005231-3600-2800-0000-00000bf43505|SBERBANK ROSSII
00005231-3600-2800-0000-00000bf43505|СБЕРБАНК РОССИИ
00005231-3600-2800-0000-00000bf43505|СБЕРБАНК РОССИИ
00005231-3600-2800-0000-00000bf43505|СБЕРБАНК РОССИИ
00005231-3600-2800-0000-00000bf483c0|СБЕРБАНК РОССИИ
00005231-3700-2800-0000-00000bedf52f|СБЕРБАНК РОССИИ
00005231-3700-2800-0000-00000bedf530|Россельхозбанк
00005231-3700-2800-0000-00000bedf531|Газпромбанк
00005231-3500-2800-0000-00000bf39256|СБЕРБАНК РОССИИ